DROP TABLE IF EXISTS `dinosaur`;

CREATE TABLE `dinosaur`
(
    `id`   int         NOT NULL AUTO_INCREMENT,
    `name` varchar(40) NOT NULL,
    PRIMARY KEY (`id`)
);

LOCK
    TABLES `dinosaur` WRITE;
INSERT INTO `dinosaur`
VALUES (001, 'T_REX'),
       (002, 'GIGANOTOSAURUS'),
       (003, 'CARCHARODONTOSAURUS'),
       (004, 'DEINONYCHUS'),
       (005, 'MANAGARMR'),
       (006, 'WYVERN_LIGHTNING'),
       (007, 'SHADOWMANE'),
       (008, 'REAPER'),
       (009, 'MEGATHERIUM'),
       (010, 'THERIZINOSAURUS'),
       (011, 'ROCK_DRAKE'),
       (012, 'DESMODUS'),
       (013, 'OVIS'),
       (014, 'YUTYRANNUS');
UNLOCK
    TABLES;

CREATE TABLE `category`
(
    `id`   int         NOT NULL AUTO_INCREMENT,
    `name` varchar(40) NOT NULL,
    PRIMARY KEY (`id`)
);

LOCK
    TABLES `category` WRITE;

INSERT INTO `category`
VALUES (001, 'HERBIVORE'),
       (002, 'CARNIVORE'),
       (003, 'OMNIVORE'),
       (004, 'INSECTIVORE'),
       (005, 'AQUATIC'),
       (006, 'FLYER');

UNLOCK
    TABLES;

CREATE TABLE `dinosaur_category`
(
    `dinosaur_id` int NOT NULL,
    `category_id` int NOT NULL,
    PRIMARY KEY (`dinosaur_id`, `category_id`),
    CONSTRAINT `fk_dinosaur_category_dinosaur_id`
        FOREIGN KEY (`dinosaur_id`) REFERENCES `dinosaur` (`id`),
    CONSTRAINT `fk_dinosaur_category_category_id`
        FOREIGN KEY (`category_id`) REFERENCES `category` (`id`)
);

LOCK
    TABLES `dinosaur_category` WRITE;

INSERT INTO `dinosaur_category`
VALUES (001, 002),
       (002, 002),
       (003, 002),
       (004, 002),
       (005, 002),
       (006, 002),
       (007, 002),
       (008, 002),
       (009, 002),
       (010, 002),
       (011, 002),
       (012, 002),
       (013, 002),
       (014, 002);

UNLOCK TABLES;

DROP TABLE IF EXISTS `stat_counter`;

CREATE TABLE `stat_count`
(
    `id`         int         NOT NULL AUTO_INCREMENT,
    `name`       varchar(40) NOT NULL,
    `stat_count` integer     NOT NULL,
    PRIMARY KEY (`id`)
);

LOCK
    TABLES `stat_count` WRITE;

INSERT INTO `stat_count`
VALUES (001, '2 STATUS', 2),
       (002, '4 STATUS', 4);

UNLOCK
    TABLES;

CREATE TABLE `stat_range`
(
    `id`      int         NOT NULL AUTO_INCREMENT,
    `name`    varchar(40) NOT NULL,
    `minimum` int         NOT NULL,
    `maximum` int         NOT NULL,
    PRIMARY KEY (`id`)
);

LOCK
    TABLES `stat_range` WRITE;

INSERT INTO `stat_range`
VALUES (001, 'RANGE 1', 1, 59),
       (002, 'RANGE 2', 60, 119),
       (003, 'RANGE 3', 120, 159),
       (004, 'RANGE 4', 160, 224),
       (005, 'RANGE 5', 225, 255);

UNLOCK
    TABLES;

CREATE TABLE `dino_range_count`
(
    `id`               int NOT NULL AUTO_INCREMENT,
    `dinosaur_id`      int NOT NULL,
    `stat_count_id`    int NOT NULL,
    `stat_range_id`    int NOT NULL,
    `minimum`          int NOT NULL,
    `minimum_neutered` int NOT NULL,
    PRIMARY KEY (`id`),
    CONSTRAINT `fk_dino_range_count_dinosaur_id`
        FOREIGN KEY (`dinosaur_id`) REFERENCES `dinosaur` (`id`),
    CONSTRAINT `fk_dino_range_count_stat_count_id`
        FOREIGN KEY (`stat_count_id`) REFERENCES `stat_count` (`id`),
    CONSTRAINT `fk_dino_range_count_stat_range_id`
        FOREIGN KEY (`stat_range_id`) REFERENCES `stat_range` (`id`)
);

LOCK
    TABLES `dino_range_count` WRITE;

INSERT INTO `dino_range_count`
VALUES (001, 001, 001, 001, 15000, 2500),
       (002, 001, 001, 002, 20000, 5000),
       (003, 001, 001, 003, 30000, 7500),
       (004, 001, 001, 004, 40000, 10000),
       (005, 001, 001, 005, 50000, 12500),
       (006, 001, 002, 001, 25000, 5000),
       (007, 001, 002, 002, 30000, 7500),
       (008, 001, 002, 003, 35000, 10000),
       (009, 001, 002, 004, 45000, 12500),
       (010, 001, 002, 005, 55000, 15000),
       (011, 001, 001, 001, 27500, 7500),
       (012, 001, 001, 002, 32500, 10000),
       (013, 001, 001, 003, 37500, 12500),
       (014, 001, 001, 004, 47500, 15000),
       (015, 001, 001, 005, 57500, 17500),
       (016, 001, 002, 001, 32500, 10000),
       (017, 001, 002, 002, 37500, 12500),
       (018, 001, 002, 003, 42500, 15000),
       (019, 001, 002, 004, 52500, 17500),
       (020, 001, 002, 005, 62500, 20000),
       (021, 002, 001, 001, 25000, 5000),
       (022, 002, 001, 002, 30000, 7500),
       (023, 002, 001, 003, 40000, 10000),
       (024, 002, 001, 004, 50000, 12500),
       (025, 002, 001, 005, 60000, 15000),
       (026, 002, 002, 001, 35000, 7500),
       (027, 002, 002, 002, 40000, 10000),
       (028, 002, 002, 003, 45000, 12500),
       (029, 002, 002, 004, 55000, 15000),
       (030, 002, 002, 005, 65000, 17500),
       (031, 002, 001, 001, 37500, 7500),
       (032, 002, 001, 002, 42500, 10000),
       (033, 002, 001, 003, 47500, 12500),
       (034, 002, 001, 004, 57500, 15000),
       (035, 002, 001, 005, 67500, 17500),
       (036, 002, 002, 001, 42500, 12500),
       (037, 002, 002, 002, 47500, 15000),
       (038, 002, 002, 003, 52500, 17500),
       (039, 002, 002, 004, 62500, 20000),
       (040, 002, 002, 005, 72500, 22500),
       (041, 003, 001, 001, 30000, 7500),
       (042, 003, 001, 002, 35000, 10000),
       (043, 003, 001, 003, 45000, 12500),
       (044, 003, 001, 004, 55000, 15000),
       (045, 003, 001, 005, 65000, 17500),
       (046, 003, 002, 001, 40000, 10000),
       (047, 003, 002, 002, 45000, 12500),
       (048, 003, 002, 003, 50000, 15000),
       (049, 003, 002, 004, 60000, 17500),
       (050, 003, 002, 005, 70000, 20000),
       (051, 003, 001, 001, 45000, 15000),
       (052, 003, 001, 002, 50000, 17500),
       (053, 003, 001, 003, 55000, 20000),
       (054, 003, 001, 004, 65000, 22500),
       (055, 003, 001, 005, 75000, 25000),
       (056, 003, 002, 001, 50000, 15000),
       (057, 003, 002, 002, 55000, 17500),
       (058, 003, 002, 003, 60000, 20000),
       (059, 003, 002, 004, 70000, 22500),
       (060, 003, 002, 005, 80000, 25000),
       (061, 004, 001, 001, 7500, 2500),
       (062, 004, 001, 002, 12500, 5000),
       (063, 004, 001, 003, 22500, 7500),
       (064, 004, 001, 004, 32500, 10000),
       (065, 004, 001, 005, 42500, 12500),
       (066, 004, 002, 001, 17500, 5000),
       (067, 004, 002, 002, 22500, 7500),
       (068, 004, 002, 003, 27500, 10000),
       (069, 004, 002, 004, 37500, 12500),
       (070, 004, 002, 005, 47500, 15000),
       (071, 004, 001, 001, 20000, 7500),
       (072, 004, 001, 002, 25000, 10000),
       (073, 004, 001, 003, 30000, 12500),
       (074, 004, 001, 004, 40000, 15000),
       (075, 004, 001, 005, 50000, 17500),
       (076, 004, 002, 001, 25000, 10000),
       (077, 004, 002, 002, 30000, 12500),
       (078, 004, 002, 003, 35000, 15000),
       (079, 004, 002, 004, 45000, 17500),
       (080, 004, 002, 005, 55000, 20000),
       (081, 005, 001, 001, 15000, 2500),
       (082, 005, 001, 002, 20000, 5000),
       (083, 005, 001, 003, 30000, 7500),
       (084, 005, 001, 004, 40000, 10000),
       (085, 005, 001, 005, 50000, 12500),
       (086, 005, 002, 001, 25000, 5000),
       (087, 005, 002, 002, 30000, 7500),
       (088, 005, 002, 003, 35000, 10000),
       (089, 005, 002, 004, 45000, 12500),
       (090, 005, 002, 005, 55000, 15000),
       (091, 005, 001, 001, 27500, 7500),
       (092, 005, 001, 002, 32500, 10000),
       (093, 005, 001, 003, 37500, 12500),
       (094, 005, 001, 004, 47500, 15000),
       (095, 005, 001, 005, 57500, 17500),
       (096, 005, 002, 001, 32500, 10000),
       (097, 005, 002, 002, 37500, 12500),
       (098, 005, 002, 003, 42500, 15000),
       (099, 005, 002, 004, 52500, 17500),
       (100, 005, 002, 005, 62500, 20000),
       (101, 006, 001, 001, 15000, 2500),
       (102, 006, 001, 002, 20000, 5000),
       (103, 006, 001, 003, 30000, 7500),
       (104, 006, 001, 004, 40000, 10000),
       (105, 006, 001, 005, 50000, 12500),
       (106, 006, 002, 001, 25000, 5000),
       (107, 006, 002, 002, 30000, 7500),
       (108, 006, 002, 003, 35000, 10000),
       (109, 006, 002, 004, 45000, 12500),
       (110, 006, 002, 005, 55000, 15000),
       (111, 006, 001, 001, 27500, 7500),
       (112, 006, 001, 002, 32500, 10000),
       (113, 006, 001, 003, 37500, 12500),
       (114, 006, 001, 004, 47500, 15000),
       (115, 006, 001, 005, 57500, 17500),
       (116, 006, 002, 001, 32500, 10000),
       (117, 006, 002, 002, 37500, 12500),
       (118, 006, 002, 003, 42500, 15000),
       (119, 006, 002, 004, 52500, 17500),
       (120, 006, 002, 005, 62500, 20000),
       (121, 007, 001, 001, 17500, 2500),
       (122, 007, 001, 002, 22500, 5000),
       (123, 007, 001, 003, 32500, 7500),
       (124, 007, 001, 004, 42500, 10000),
       (125, 007, 001, 005, 52500, 12500),
       (126, 007, 002, 001, 27500, 5000),
       (127, 007, 002, 002, 32500, 7500),
       (128, 007, 002, 003, 37500, 10000),
       (129, 007, 002, 004, 47500, 12500),
       (130, 007, 002, 005, 57500, 15000),
       (131, 007, 001, 001, 30000, 7500),
       (132, 007, 001, 002, 35000, 10000),
       (133, 007, 001, 003, 40000, 12500),
       (134, 007, 001, 004, 50000, 15000),
       (135, 007, 001, 005, 60000, 17500),
       (136, 007, 002, 001, 35000, 10000),
       (137, 007, 002, 002, 40000, 12500),
       (138, 007, 002, 003, 45000, 15000),
       (139, 007, 002, 004, 55000, 17500),
       (140, 007, 002, 005, 65000, 20000),
       (141, 008, 001, 001, 15000, 2500),
       (142, 008, 001, 002, 20000, 5000),
       (143, 008, 001, 003, 30000, 7500),
       (144, 008, 001, 004, 40000, 10000),
       (145, 008, 001, 005, 50000, 12500),
       (146, 008, 002, 001, 25000, 5000),
       (147, 008, 002, 002, 30000, 7500),
       (148, 008, 002, 003, 35000, 10000),
       (149, 008, 002, 004, 45000, 12500),
       (150, 008, 002, 005, 55000, 15000),
       (151, 008, 001, 001, 27500, 7500),
       (152, 008, 001, 002, 32500, 10000),
       (153, 008, 001, 003, 37500, 12500),
       (154, 008, 001, 004, 47500, 15000),
       (155, 008, 001, 005, 57500, 17500),
       (156, 008, 002, 001, 32500, 10000),
       (157, 008, 002, 002, 37500, 12500),
       (158, 008, 002, 003, 42500, 15000),
       (159, 008, 002, 004, 52500, 17500),
       (160, 008, 002, 005, 62500, 20000),
       (161, 009, 001, 001, 15000, 2500),
       (162, 009, 001, 002, 20000, 5000),
       (163, 009, 001, 003, 30000, 7500),
       (164, 009, 001, 004, 40000, 10000),
       (165, 009, 001, 005, 50000, 12500),
       (166, 009, 002, 001, 25000, 5000),
       (167, 009, 002, 002, 30000, 7500),
       (168, 009, 002, 003, 35000, 10000),
       (169, 009, 002, 004, 45000, 12500),
       (170, 009, 002, 005, 55000, 15000),
       (171, 009, 001, 001, 27500, 7500),
       (172, 009, 001, 002, 32500, 10000),
       (173, 009, 001, 003, 37500, 12500),
       (174, 009, 001, 004, 47500, 15000),
       (175, 009, 001, 005, 57500, 17500),
       (176, 009, 002, 001, 32500, 10000),
       (177, 009, 002, 002, 37500, 12500),
       (178, 009, 002, 003, 42500, 15000),
       (179, 009, 002, 004, 52500, 17500),
       (180, 009, 002, 005, 62500, 20000),
       (181, 010, 001, 001, 15000, 2500),
       (182, 010, 001, 002, 20000, 5000),
       (183, 010, 001, 003, 30000, 7500),
       (184, 010, 001, 004, 40000, 10000),
       (185, 010, 001, 005, 50000, 12500),
       (186, 010, 002, 001, 25000, 5000),
       (187, 010, 002, 002, 30000, 7500),
       (188, 010, 002, 003, 35000, 10000),
       (189, 010, 002, 004, 45000, 12500),
       (190, 010, 002, 005, 55000, 15000),
       (191, 010, 001, 001, 27500, 7500),
       (192, 010, 001, 002, 32500, 10000),
       (193, 010, 001, 003, 37500, 12500),
       (194, 010, 001, 004, 47500, 15000),
       (195, 010, 001, 005, 57500, 17500),
       (196, 010, 002, 001, 32500, 10000),
       (197, 010, 002, 002, 37500, 12500),
       (198, 010, 002, 003, 42500, 15000),
       (199, 010, 002, 004, 52500, 17500),
       (200, 010, 002, 005, 62500, 20000),
       (201, 011, 001, 001, 15000, 2500),
       (202, 011, 001, 002, 20000, 5000),
       (203, 011, 001, 003, 30000, 7500),
       (204, 011, 001, 004, 40000, 10000),
       (205, 011, 001, 005, 50000, 12500),
       (206, 011, 002, 001, 25000, 5000),
       (207, 011, 002, 002, 30000, 7500),
       (208, 011, 002, 003, 35000, 10000),
       (209, 011, 002, 004, 45000, 12500),
       (210, 011, 002, 005, 55000, 15000),
       (211, 011, 001, 001, 27500, 7500),
       (212, 011, 001, 002, 32500, 10000),
       (213, 011, 001, 003, 37500, 12500),
       (214, 011, 001, 004, 47500, 15000),
       (215, 011, 001, 005, 57500, 17500),
       (216, 011, 002, 001, 32500, 10000),
       (217, 011, 002, 002, 37500, 12500),
       (218, 011, 002, 003, 42500, 15000),
       (219, 011, 002, 004, 52500, 17500),
       (220, 011, 002, 005, 62500, 20000),
       (221, 012, 001, 001, 15000, 2500),
       (222, 012, 001, 002, 20000, 5000),
       (223, 012, 001, 003, 30000, 7500),
       (224, 012, 001, 004, 40000, 10000),
       (225, 012, 001, 005, 50000, 12500),
       (226, 012, 002, 001, 25000, 5000),
       (227, 012, 002, 002, 30000, 7500),
       (228, 012, 002, 003, 35000, 10000),
       (229, 012, 002, 004, 45000, 12500),
       (230, 012, 002, 005, 55000, 15000),
       (231, 012, 001, 001, 27500, 7500),
       (232, 012, 001, 002, 32500, 10000),
       (233, 012, 001, 003, 37500, 12500),
       (234, 012, 001, 004, 47500, 15000),
       (235, 012, 001, 005, 57500, 17500),
       (236, 012, 002, 001, 32500, 10000),
       (237, 012, 002, 002, 37500, 12500),
       (238, 012, 002, 003, 42500, 15000),
       (239, 012, 002, 004, 52500, 17500),
       (240, 012, 002, 005, 62500, 20000),
       (241, 013, 001, 001, 15000, 2500),
       (242, 013, 001, 002, 20000, 5000),
       (243, 013, 001, 003, 30000, 7500),
       (244, 013, 001, 004, 40000, 10000),
       (245, 013, 001, 005, 50000, 12500),
       (246, 013, 002, 001, 25000, 5000),
       (247, 013, 002, 002, 30000, 7500),
       (248, 013, 002, 003, 35000, 10000),
       (249, 013, 002, 004, 45000, 12500),
       (250, 013, 002, 005, 55000, 15000),
       (251, 013, 001, 001, 27500, 7500),
       (252, 013, 001, 002, 32500, 10000),
       (253, 013, 001, 003, 37500, 12500),
       (254, 013, 001, 004, 47500, 15000),
       (255, 013, 001, 005, 57500, 17500),
       (256, 013, 002, 001, 32500, 10000),
       (257, 013, 002, 002, 37500, 12500),
       (258, 013, 002, 003, 42500, 15000),
       (259, 013, 002, 004, 52500, 17500),
       (260, 013, 002, 005, 62500, 20000),
       (261, 014, 001, 001, 15000, 2500),
       (262, 014, 001, 002, 20000, 5000),
       (263, 014, 001, 003, 30000, 7500),
       (264, 014, 001, 004, 40000, 10000),
       (265, 014, 001, 005, 50000, 12500),
       (266, 014, 002, 001, 25000, 5000),
       (267, 014, 002, 002, 30000, 7500),
       (268, 014, 002, 003, 35000, 10000),
       (269, 014, 002, 004, 45000, 12500),
       (270, 014, 002, 005, 55000, 15000),
       (271, 014, 001, 001, 27500, 7500),
       (272, 014, 001, 002, 32500, 10000),
       (273, 014, 001, 003, 37500, 12500),
       (274, 014, 001, 004, 47500, 15000),
       (275, 014, 001, 005, 57500, 17500),
       (276, 014, 002, 001, 32500, 10000),
       (277, 014, 002, 002, 37500, 12500),
       (278, 014, 002, 003, 42500, 15000),
       (279, 014, 002, 004, 52500, 17500),
       (280, 014, 002, 005, 62500, 20000);

UNLOCK
    TABLES;

DROP TABLE IF EXISTS `rule`;

CREATE TABLE `rule`
(
    `id`               int         NOT NULL AUTO_INCREMENT,
    `dinosaur_type`    varchar(40) NOT NULL,
    `stat_count`       int         NOT NULL,
    `range`            varchar(40) NOT NULL,
    `minimum`          int         NOT NULL,
    `minimum_neutered` int         NOT NULL,
    PRIMARY KEY (`id`)
);

LOCK
    TABLES `rule` WRITE;
INSERT INTO `rule`
VALUES (001, 'T_REX', 1, 'RANGE_1', 15000, 2500),
       (002, 'T_REX', 1, 'RANGE_2', 20000, 5000),
       (003, 'T_REX', 1, 'RANGE_3', 30000, 7500),
       (004, 'T_REX', 1, 'RANGE_4', 40000, 10000),
       (005, 'T_REX', 1, 'RANGE_5', 50000, 12500),
       (006, 'T_REX', 2, 'RANGE_1', 25000, 5000),
       (007, 'T_REX', 2, 'RANGE_2', 30000, 7500),
       (008, 'T_REX', 2, 'RANGE_3', 35000, 10000),
       (009, 'T_REX', 2, 'RANGE_4', 45000, 12500),
       (010, 'T_REX', 2, 'RANGE_5', 55000, 15000),
       (011, 'T_REX', 3, 'RANGE_1', 27500, 7500),
       (012, 'T_REX', 3, 'RANGE_2', 32500, 10000),
       (013, 'T_REX', 3, 'RANGE_3', 37500, 12500),
       (014, 'T_REX', 3, 'RANGE_4', 47500, 15000),
       (015, 'T_REX', 3, 'RANGE_5', 57500, 17500),
       (016, 'T_REX', 4, 'RANGE_1', 32500, 10000),
       (017, 'T_REX', 4, 'RANGE_2', 37500, 12500),
       (018, 'T_REX', 4, 'RANGE_3', 42500, 15000),
       (019, 'T_REX', 4, 'RANGE_4', 52500, 17500),
       (020, 'T_REX', 4, 'RANGE_5', 62500, 20000),
       (021, 'GIGANOTOSAURUS', 1, 'RANGE_1', 25000, 5000),
       (022, 'GIGANOTOSAURUS', 1, 'RANGE_2', 30000, 7500),
       (023, 'GIGANOTOSAURUS', 1, 'RANGE_3', 40000, 10000),
       (024, 'GIGANOTOSAURUS', 1, 'RANGE_4', 50000, 12500),
       (025, 'GIGANOTOSAURUS', 1, 'RANGE_5', 60000, 15000),
       (026, 'GIGANOTOSAURUS', 2, 'RANGE_1', 35000, 7500),
       (027, 'GIGANOTOSAURUS', 2, 'RANGE_2', 40000, 10000),
       (028, 'GIGANOTOSAURUS', 2, 'RANGE_3', 45000, 12500),
       (029, 'GIGANOTOSAURUS', 2, 'RANGE_4', 55000, 15000),
       (030, 'GIGANOTOSAURUS', 2, 'RANGE_5', 65000, 17500),
       (031, 'GIGANOTOSAURUS', 3, 'RANGE_1', 37500, 7500),
       (032, 'GIGANOTOSAURUS', 3, 'RANGE_2', 42500, 10000),
       (033, 'GIGANOTOSAURUS', 3, 'RANGE_3', 47500, 12500),
       (034, 'GIGANOTOSAURUS', 3, 'RANGE_4', 57500, 15000),
       (035, 'GIGANOTOSAURUS', 3, 'RANGE_5', 67500, 17500),
       (036, 'GIGANOTOSAURUS', 4, 'RANGE_1', 42500, 12500),
       (037, 'GIGANOTOSAURUS', 4, 'RANGE_2', 47500, 15000),
       (038, 'GIGANOTOSAURUS', 4, 'RANGE_3', 52500, 17500),
       (039, 'GIGANOTOSAURUS', 4, 'RANGE_4', 62500, 20000),
       (040, 'GIGANOTOSAURUS', 4, 'RANGE_5', 72500, 22500),
       (041, 'CARCHARODONTOSAURUS', 1, 'RANGE_1', 30000, 7500),
       (042, 'CARCHARODONTOSAURUS', 1, 'RANGE_2', 35000, 10000),
       (043, 'CARCHARODONTOSAURUS', 1, 'RANGE_3', 45000, 12500),
       (044, 'CARCHARODONTOSAURUS', 1, 'RANGE_4', 55000, 15000),
       (045, 'CARCHARODONTOSAURUS', 1, 'RANGE_5', 65000, 17500),
       (046, 'CARCHARODONTOSAURUS', 2, 'RANGE_1', 40000, 10000),
       (047, 'CARCHARODONTOSAURUS', 2, 'RANGE_2', 45000, 12500),
       (048, 'CARCHARODONTOSAURUS', 2, 'RANGE_3', 50000, 15000),
       (049, 'CARCHARODONTOSAURUS', 2, 'RANGE_4', 60000, 17500),
       (050, 'CARCHARODONTOSAURUS', 2, 'RANGE_5', 70000, 20000),
       (051, 'CARCHARODONTOSAURUS', 3, 'RANGE_1', 45000, 15000),
       (052, 'CARCHARODONTOSAURUS', 3, 'RANGE_2', 50000, 17500),
       (053, 'CARCHARODONTOSAURUS', 3, 'RANGE_3', 55000, 20000),
       (054, 'CARCHARODONTOSAURUS', 3, 'RANGE_4', 65000, 22500),
       (055, 'CARCHARODONTOSAURUS', 3, 'RANGE_5', 75000, 25000),
       (056, 'CARCHARODONTOSAURUS', 4, 'RANGE_1', 50000, 15000),
       (057, 'CARCHARODONTOSAURUS', 4, 'RANGE_2', 55000, 17500),
       (058, 'CARCHARODONTOSAURUS', 4, 'RANGE_3', 60000, 20000),
       (059, 'CARCHARODONTOSAURUS', 4, 'RANGE_4', 70000, 22500),
       (060, 'CARCHARODONTOSAURUS', 4, 'RANGE_5', 80000, 25000),
       (061, 'DEINONYCHUS', 1, 'RANGE_1', 7500, 2500),
       (062, 'DEINONYCHUS', 1, 'RANGE_2', 12500, 5000),
       (063, 'DEINONYCHUS', 1, 'RANGE_3', 22500, 7500),
       (064, 'DEINONYCHUS', 1, 'RANGE_4', 32500, 10000),
       (065, 'DEINONYCHUS', 1, 'RANGE_5', 42500, 12500),
       (066, 'DEINONYCHUS', 2, 'RANGE_1', 17500, 5000),
       (067, 'DEINONYCHUS', 2, 'RANGE_2', 22500, 7500),
       (068, 'DEINONYCHUS', 2, 'RANGE_3', 27500, 10000),
       (069, 'DEINONYCHUS', 2, 'RANGE_4', 37500, 12500),
       (070, 'DEINONYCHUS', 2, 'RANGE_5', 47500, 15000),
       (071, 'DEINONYCHUS', 3, 'RANGE_1', 20000, 7500),
       (072, 'DEINONYCHUS', 3, 'RANGE_2', 25000, 10000),
       (073, 'DEINONYCHUS', 3, 'RANGE_3', 30000, 12500),
       (074, 'DEINONYCHUS', 3, 'RANGE_4', 40000, 15000),
       (075, 'DEINONYCHUS', 3, 'RANGE_5', 50000, 17500),
       (076, 'DEINONYCHUS', 4, 'RANGE_1', 25000, 10000),
       (077, 'DEINONYCHUS', 4, 'RANGE_2', 30000, 12500),
       (078, 'DEINONYCHUS', 4, 'RANGE_3', 35000, 15000),
       (079, 'DEINONYCHUS', 4, 'RANGE_4', 45000, 17500),
       (080, 'DEINONYCHUS', 4, 'RANGE_5', 55000, 20000),
       (081, 'MANAGARMR', 1, 'RANGE_1', 15000, 2500),
       (082, 'MANAGARMR', 1, 'RANGE_2', 20000, 5000),
       (083, 'MANAGARMR', 1, 'RANGE_3', 30000, 7500),
       (084, 'MANAGARMR', 1, 'RANGE_4', 40000, 10000),
       (085, 'MANAGARMR', 1, 'RANGE_5', 50000, 12500),
       (086, 'MANAGARMR', 2, 'RANGE_1', 25000, 5000),
       (087, 'MANAGARMR', 2, 'RANGE_2', 30000, 7500),
       (088, 'MANAGARMR', 2, 'RANGE_3', 35000, 10000),
       (089, 'MANAGARMR', 2, 'RANGE_4', 45000, 12500),
       (090, 'MANAGARMR', 2, 'RANGE_5', 55000, 15000),
       (091, 'MANAGARMR', 3, 'RANGE_1', 27500, 7500),
       (092, 'MANAGARMR', 3, 'RANGE_2', 32500, 10000),
       (093, 'MANAGARMR', 3, 'RANGE_3', 37500, 12500),
       (094, 'MANAGARMR', 3, 'RANGE_4', 47500, 15000),
       (095, 'MANAGARMR', 3, 'RANGE_5', 57500, 17500),
       (096, 'MANAGARMR', 4, 'RANGE_1', 32500, 10000),
       (097, 'MANAGARMR', 4, 'RANGE_2', 37500, 12500),
       (098, 'MANAGARMR', 4, 'RANGE_3', 42500, 15000),
       (099, 'MANAGARMR', 4, 'RANGE_4', 52500, 17500),
       (100, 'MANAGARMR', 4, 'RANGE_5', 62500, 20000),
       (101, 'WYVERN_LIGHTNING', 1, 'RANGE_1', 17500, 2500),
       (102, 'WYVERN_LIGHTNING', 1, 'RANGE_2', 22500, 5000),
       (103, 'WYVERN_LIGHTNING', 1, 'RANGE_3', 32500, 7500),
       (104, 'WYVERN_LIGHTNING', 1, 'RANGE_4', 42500, 10000),
       (105, 'WYVERN_LIGHTNING', 1, 'RANGE_5', 52500, 12500),
       (106, 'WYVERN_LIGHTNING', 2, 'RANGE_1', 27500, 5000),
       (107, 'WYVERN_LIGHTNING', 2, 'RANGE_2', 32500, 7500),
       (108, 'WYVERN_LIGHTNING', 2, 'RANGE_3', 37500, 10000),
       (109, 'WYVERN_LIGHTNING', 2, 'RANGE_4', 47500, 12500),
       (110, 'WYVERN_LIGHTNING', 2, 'RANGE_5', 57500, 15000),
       (111, 'WYVERN_LIGHTNING', 3, 'RANGE_1', 30000, 7500),
       (112, 'WYVERN_LIGHTNING', 3, 'RANGE_2', 35000, 10000),
       (113, 'WYVERN_LIGHTNING', 3, 'RANGE_3', 40000, 12500),
       (114, 'WYVERN_LIGHTNING', 3, 'RANGE_4', 50000, 15000),
       (115, 'WYVERN_LIGHTNING', 3, 'RANGE_5', 60000, 17500),
       (116, 'WYVERN_LIGHTNING', 4, 'RANGE_1', 35000, 10000),
       (117, 'WYVERN_LIGHTNING', 4, 'RANGE_2', 40000, 12500),
       (118, 'WYVERN_LIGHTNING', 4, 'RANGE_3', 45000, 15000),
       (119, 'WYVERN_LIGHTNING', 4, 'RANGE_4', 55000, 17500),
       (120, 'WYVERN_LIGHTNING', 4, 'RANGE_5', 65000, 20000),
       (121, 'SHADOWMANE', 1, 'RANGE_1', 17500, 2500),
       (122, 'SHADOWMANE', 1, 'RANGE_2', 22500, 5000),
       (123, 'SHADOWMANE', 1, 'RANGE_3', 32500, 7500),
       (124, 'SHADOWMANE', 1, 'RANGE_4', 42500, 10000),
       (125, 'SHADOWMANE', 1, 'RANGE_5', 52500, 12500),
       (126, 'SHADOWMANE', 2, 'RANGE_1', 27500, 5000),
       (127, 'SHADOWMANE', 2, 'RANGE_2', 32500, 7500),
       (128, 'SHADOWMANE', 2, 'RANGE_3', 37500, 10000),
       (129, 'SHADOWMANE', 2, 'RANGE_4', 47500, 12500),
       (130, 'SHADOWMANE', 2, 'RANGE_5', 57500, 15000),
       (131, 'SHADOWMANE', 3, 'RANGE_1', 30000, 7500),
       (132, 'SHADOWMANE', 3, 'RANGE_2', 35000, 10000),
       (133, 'SHADOWMANE', 3, 'RANGE_3', 40000, 12500),
       (134, 'SHADOWMANE', 3, 'RANGE_4', 50000, 15000),
       (135, 'SHADOWMANE', 3, 'RANGE_5', 60000, 17500),
       (136, 'SHADOWMANE', 4, 'RANGE_1', 35000, 10000),
       (137, 'SHADOWMANE', 4, 'RANGE_2', 40000, 12500),
       (138, 'SHADOWMANE', 4, 'RANGE_3', 45000, 15000),
       (139, 'SHADOWMANE', 4, 'RANGE_4', 55000, 17500),
       (140, 'SHADOWMANE', 4, 'RANGE_5', 65000, 20000),
       (141, 'REAPER', 1, 'RANGE_1', 20000, 2500),
       (142, 'REAPER', 1, 'RANGE_2', 25000, 5000),
       (143, 'REAPER', 1, 'RANGE_3', 35000, 7500),
       (144, 'REAPER', 1, 'RANGE_4', 45000, 10000),
       (145, 'REAPER', 1, 'RANGE_5', 55000, 12500),
       (146, 'REAPER', 2, 'RANGE_1', 30000, 5000),
       (147, 'REAPER', 2, 'RANGE_2', 35000, 7500),
       (148, 'REAPER', 2, 'RANGE_3', 40000, 10000),
       (149, 'REAPER', 2, 'RANGE_4', 50000, 12500),
       (150, 'REAPER', 2, 'RANGE_5', 60000, 15000),
       (151, 'REAPER', 3, 'RANGE_1', 32500, 7500),
       (152, 'REAPER', 3, 'RANGE_2', 37500, 10000),
       (153, 'REAPER', 3, 'RANGE_3', 42500, 12500),
       (154, 'REAPER', 3, 'RANGE_4', 52500, 15000),
       (155, 'REAPER', 3, 'RANGE_5', 62500, 17500),
       (156, 'REAPER', 4, 'RANGE_1', 37500, 10000),
       (157, 'REAPER', 4, 'RANGE_2', 42500, 12500),
       (158, 'REAPER', 4, 'RANGE_3', 47500, 15000),
       (159, 'REAPER', 4, 'RANGE_4', 57500, 17500),
       (160, 'REAPER', 4, 'RANGE_5', 67500, 20000),
       (161, 'MEGATHERIUM', 1, 'RANGE_1', 15000, 2500),
       (162, 'MEGATHERIUM', 1, 'RANGE_2', 20000, 5000),
       (163, 'MEGATHERIUM', 1, 'RANGE_3', 30000, 7500),
       (164, 'MEGATHERIUM', 1, 'RANGE_4', 40000, 10000),
       (165, 'MEGATHERIUM', 1, 'RANGE_5', 50000, 12500),
       (166, 'MEGATHERIUM', 2, 'RANGE_1', 25000, 5000),
       (167, 'MEGATHERIUM', 2, 'RANGE_2', 30000, 7500),
       (168, 'MEGATHERIUM', 2, 'RANGE_3', 35000, 10000),
       (169, 'MEGATHERIUM', 2, 'RANGE_4', 45000, 12500),
       (170, 'MEGATHERIUM', 2, 'RANGE_5', 55000, 15000),
       (171, 'MEGATHERIUM', 3, 'RANGE_1', 27500, 7500),
       (172, 'MEGATHERIUM', 3, 'RANGE_2', 32500, 10000),
       (173, 'MEGATHERIUM', 3, 'RANGE_3', 37500, 12500),
       (174, 'MEGATHERIUM', 3, 'RANGE_4', 47500, 15000),
       (175, 'MEGATHERIUM', 3, 'RANGE_5', 57500, 17500),
       (176, 'MEGATHERIUM', 4, 'RANGE_1', 32500, 10000),
       (177, 'MEGATHERIUM', 4, 'RANGE_2', 37500, 12500),
       (178, 'MEGATHERIUM', 4, 'RANGE_3', 42500, 15000),
       (179, 'MEGATHERIUM', 4, 'RANGE_4', 52500, 17500),
       (180, 'MEGATHERIUM', 4, 'RANGE_5', 62500, 20000),
       (181, 'THERIZINOSAURUS', 1, 'RANGE_1', 15000, 2500),
       (182, 'THERIZINOSAURUS', 1, 'RANGE_2', 20000, 5000),
       (183, 'THERIZINOSAURUS', 1, 'RANGE_3', 30000, 7500),
       (184, 'THERIZINOSAURUS', 1, 'RANGE_4', 40000, 10000),
       (185, 'THERIZINOSAURUS', 1, 'RANGE_5', 50000, 12500),
       (186, 'THERIZINOSAURUS', 2, 'RANGE_1', 25000, 5000),
       (187, 'THERIZINOSAURUS', 2, 'RANGE_2', 30000, 7500),
       (188, 'THERIZINOSAURUS', 2, 'RANGE_3', 35000, 10000),
       (189, 'THERIZINOSAURUS', 2, 'RANGE_4', 45000, 12500),
       (190, 'THERIZINOSAURUS', 2, 'RANGE_5', 55000, 15000),
       (191, 'THERIZINOSAURUS', 3, 'RANGE_1', 27500, 7500),
       (192, 'THERIZINOSAURUS', 3, 'RANGE_2', 32500, 10000),
       (193, 'THERIZINOSAURUS', 3, 'RANGE_3', 37500, 12500),
       (194, 'THERIZINOSAURUS', 3, 'RANGE_4', 47500, 15000),
       (195, 'THERIZINOSAURUS', 3, 'RANGE_5', 57500, 17500),
       (196, 'THERIZINOSAURUS', 4, 'RANGE_1', 32500, 10000),
       (197, 'THERIZINOSAURUS', 4, 'RANGE_2', 37500, 12500),
       (198, 'THERIZINOSAURUS', 4, 'RANGE_3', 42500, 15000),
       (199, 'THERIZINOSAURUS', 4, 'RANGE_4', 52500, 17500),
       (200, 'THERIZINOSAURUS', 4, 'RANGE_5', 62500, 20000),
       (201, 'ROCK_DRAKE', 1, 'RANGE_1', 17500, 2500),
       (202, 'ROCK_DRAKE', 1, 'RANGE_2', 22500, 5000),
       (203, 'ROCK_DRAKE', 1, 'RANGE_3', 32500, 7500),
       (204, 'ROCK_DRAKE', 1, 'RANGE_4', 42500, 10000),
       (205, 'ROCK_DRAKE', 1, 'RANGE_5', 52500, 12500),
       (206, 'ROCK_DRAKE', 2, 'RANGE_1', 27500, 5000),
       (207, 'ROCK_DRAKE', 2, 'RANGE_2', 32500, 7500),
       (208, 'ROCK_DRAKE', 2, 'RANGE_3', 37500, 10000),
       (209, 'ROCK_DRAKE', 2, 'RANGE_4', 47500, 12500),
       (210, 'ROCK_DRAKE', 2, 'RANGE_5', 57500, 15000),
       (211, 'ROCK_DRAKE', 3, 'RANGE_1', 30000, 7500),
       (212, 'ROCK_DRAKE', 3, 'RANGE_2', 35000, 10000),
       (213, 'ROCK_DRAKE', 3, 'RANGE_3', 40000, 12500),
       (214, 'ROCK_DRAKE', 3, 'RANGE_4', 50000, 15000),
       (215, 'ROCK_DRAKE', 3, 'RANGE_5', 60000, 17500),
       (216, 'ROCK_DRAKE', 4, 'RANGE_1', 35000, 10000),
       (217, 'ROCK_DRAKE', 4, 'RANGE_2', 40000, 12500),
       (218, 'ROCK_DRAKE', 4, 'RANGE_3', 45000, 15000),
       (219, 'ROCK_DRAKE', 4, 'RANGE_4', 55000, 17500),
       (220, 'ROCK_DRAKE', 4, 'RANGE_5', 65000, 20000),
       (221, 'DESMODUS', 1, 'RANGE_1', 10000, 2500),
       (222, 'DESMODUS', 1, 'RANGE_2', 15000, 5000),
       (223, 'DESMODUS', 1, 'RANGE_3', 25000, 7500),
       (224, 'DESMODUS', 1, 'RANGE_4', 35000, 10000),
       (225, 'DESMODUS', 1, 'RANGE_5', 45000, 12500),
       (226, 'DESMODUS', 2, 'RANGE_1', 20000, 5000),
       (227, 'DESMODUS', 2, 'RANGE_2', 25000, 7500),
       (228, 'DESMODUS', 2, 'RANGE_3', 30000, 10000),
       (229, 'DESMODUS', 2, 'RANGE_4', 40000, 12500),
       (230, 'DESMODUS', 2, 'RANGE_5', 50000, 15000),
       (231, 'DESMODUS', 3, 'RANGE_1', 22500, 7500),
       (232, 'DESMODUS', 3, 'RANGE_2', 27500, 10000),
       (233, 'DESMODUS', 3, 'RANGE_3', 32500, 12500),
       (234, 'DESMODUS', 3, 'RANGE_4', 42500, 15000),
       (235, 'DESMODUS', 3, 'RANGE_5', 52500, 17500),
       (236, 'DESMODUS', 4, 'RANGE_1', 27500, 10000),
       (237, 'DESMODUS', 4, 'RANGE_2', 32500, 12500),
       (238, 'DESMODUS', 4, 'RANGE_3', 37500, 15000),
       (239, 'DESMODUS', 4, 'RANGE_4', 47500, 17500),
       (240, 'DESMODUS', 4, 'RANGE_5', 57500, 20000),
       (241, 'OVIS', 1, 'RANGE_1', 5000, 2500),
       (242, 'OVIS', 1, 'RANGE_2', 10000, 2500),
       (243, 'OVIS', 1, 'RANGE_3', 20000, 5000),
       (244, 'OVIS', 1, 'RANGE_4', 30000, 7500),
       (245, 'OVIS', 1, 'RANGE_5', 40000, 10000),
       (246, 'OVIS', 2, 'RANGE_1', 15000, 5000),
       (247, 'OVIS', 2, 'RANGE_2', 20000, 7500),
       (248, 'OVIS', 2, 'RANGE_3', 25000, 10000),
       (249, 'OVIS', 2, 'RANGE_4', 35000, 12500),
       (250, 'OVIS', 2, 'RANGE_5', 45000, 15000),
       (251, 'OVIS', 3, 'RANGE_1', 17500, 7500),
       (252, 'OVIS', 3, 'RANGE_2', 22500, 10000),
       (253, 'OVIS', 3, 'RANGE_3', 27500, 12500),
       (254, 'OVIS', 3, 'RANGE_4', 37500, 15000),
       (255, 'OVIS', 3, 'RANGE_5', 47500, 17500),
       (256, 'OVIS', 4, 'RANGE_1', 22500, 10000),
       (257, 'OVIS', 4, 'RANGE_2', 27500, 12500),
       (258, 'OVIS', 4, 'RANGE_3', 32500, 15000),
       (259, 'OVIS', 4, 'RANGE_4', 42500, 17500),
       (260, 'OVIS', 4, 'RANGE_5', 52500, 20000),
       (261, 'YUTYRANNUS', 1, 'RANGE_1', 20000, 2500),
       (262, 'YUTYRANNUS', 1, 'RANGE_2', 25000, 5000),
       (263, 'YUTYRANNUS', 1, 'RANGE_3', 35000, 7500),
       (264, 'YUTYRANNUS', 1, 'RANGE_4', 45000, 10000),
       (265, 'YUTYRANNUS', 1, 'RANGE_5', 55000, 12500),
       (266, 'YUTYRANNUS', 2, 'RANGE_1', 30000, 5000),
       (267, 'YUTYRANNUS', 2, 'RANGE_2', 35000, 7500),
       (268, 'YUTYRANNUS', 2, 'RANGE_3', 40000, 10000),
       (269, 'YUTYRANNUS', 2, 'RANGE_4', 50000, 12500),
       (270, 'YUTYRANNUS', 2, 'RANGE_5', 60000, 15000),
       (271, 'YUTYRANNUS', 3, 'RANGE_1', 32500, 7500),
       (272, 'YUTYRANNUS', 3, 'RANGE_2', 37500, 10000),
       (273, 'YUTYRANNUS', 3, 'RANGE_3', 42500, 12500),
       (274, 'YUTYRANNUS', 3, 'RANGE_4', 52500, 15000),
       (275, 'YUTYRANNUS', 3, 'RANGE_5', 62500, 17500),
       (276, 'YUTYRANNUS', 4, 'RANGE_1', 37500, 10000),
       (277, 'YUTYRANNUS', 4, 'RANGE_2', 42500, 12500),
       (278, 'YUTYRANNUS', 4, 'RANGE_3', 47500, 15000),
       (279, 'YUTYRANNUS', 4, 'RANGE_4', 57500, 17500),
       (280, 'YUTYRANNUS', 4, 'RANGE_5', 67500, 20000),
       (281, 'MANTIS', 1, 'RANGE_1', 2500, 2500),
       (282, 'MANTIS', 1, 'RANGE_2', 7500, 5000),
       (283, 'MANTIS', 1, 'RANGE_3', 17500, 7500),
       (284, 'MANTIS', 1, 'RANGE_4', 27500, 10000),
       (285, 'MANTIS', 1, 'RANGE_5', 37500, 12500),
       (286, 'MANTIS', 2, 'RANGE_1', 12500, 5000),
       (287, 'MANTIS', 2, 'RANGE_2', 17500, 7500),
       (288, 'MANTIS', 2, 'RANGE_3', 22500, 10000),
       (289, 'MANTIS', 2, 'RANGE_4', 32500, 12500),
       (290, 'MANTIS', 2, 'RANGE_5', 42500, 15000),
       (291, 'MANTIS', 3, 'RANGE_1', 15000, 7500),
       (292, 'MANTIS', 3, 'RANGE_2', 20000, 10000),
       (293, 'MANTIS', 3, 'RANGE_3', 25000, 12500),
       (294, 'MANTIS', 3, 'RANGE_4', 35000, 15000),
       (295, 'MANTIS', 3, 'RANGE_5', 45000, 17500),
       (296, 'MANTIS', 4, 'RANGE_1', 20000, 10000),
       (297, 'MANTIS', 4, 'RANGE_2', 25000, 12500),
       (298, 'MANTIS', 4, 'RANGE_3', 30000, 15000),
       (299, 'MANTIS', 4, 'RANGE_4', 40000, 17500),
       (300, 'MANTIS', 4, 'RANGE_5', 50000, 20000),
       (301, 'FENRIR', 1, 'RANGE_1', 2500, 2500),
       (302, 'FENRIR', 1, 'RANGE_2', 7500, 5000),
       (303, 'FENRIR', 1, 'RANGE_3', 17500, 7500),
       (304, 'FENRIR', 1, 'RANGE_4', 27500, 10000),
       (305, 'FENRIR', 1, 'RANGE_5', 37500, 12500),
       (306, 'FENRIR', 2, 'RANGE_1', 12500, 5000),
       (307, 'FENRIR', 2, 'RANGE_2', 17500, 7500),
       (308, 'FENRIR', 2, 'RANGE_3', 22500, 10000),
       (309, 'FENRIR', 2, 'RANGE_4', 32500, 12500),
       (310, 'FENRIR', 2, 'RANGE_5', 42500, 15000),
       (311, 'FENRIR', 3, 'RANGE_1', 15000, 7500),
       (312, 'FENRIR', 3, 'RANGE_2', 20000, 10000),
       (313, 'FENRIR', 3, 'RANGE_3', 25000, 12500),
       (314, 'FENRIR', 3, 'RANGE_4', 35000, 15000),
       (315, 'FENRIR', 3, 'RANGE_5', 45000, 17500),
       (316, 'FENRIR', 4, 'RANGE_1', 20000, 10000),
       (317, 'FENRIR', 4, 'RANGE_2', 25000, 12500),
       (318, 'FENRIR', 4, 'RANGE_3', 30000, 15000),
       (319, 'FENRIR', 4, 'RANGE_4', 40000, 17500),
       (320, 'FENRIR', 4, 'RANGE_5', 50000, 20000),
       (321, 'BASILOSAURUS', 1, 'RANGE_1', 15000, 2500),
       (322, 'BASILOSAURUS', 1, 'RANGE_2', 20000, 5000),
       (323, 'BASILOSAURUS', 1, 'RANGE_3', 30000, 7500),
       (324, 'BASILOSAURUS', 1, 'RANGE_4', 40000, 10000),
       (325, 'BASILOSAURUS', 1, 'RANGE_5', 50000, 12500),
       (326, 'BASILOSAURUS', 2, 'RANGE_1', 25000, 5000),
       (327, 'BASILOSAURUS', 2, 'RANGE_2', 30000, 7500),
       (328, 'BASILOSAURUS', 2, 'RANGE_3', 35000, 10000),
       (329, 'BASILOSAURUS', 2, 'RANGE_4', 45000, 12500),
       (330, 'BASILOSAURUS', 2, 'RANGE_5', 55000, 15000),
       (331, 'BASILOSAURUS', 3, 'RANGE_1', 27500, 7500),
       (332, 'BASILOSAURUS', 3, 'RANGE_2', 32500, 10000),
       (333, 'BASILOSAURUS', 3, 'RANGE_3', 37500, 12500),
       (334, 'BASILOSAURUS', 3, 'RANGE_4', 47500, 15000),
       (335, 'BASILOSAURUS', 3, 'RANGE_5', 57500, 17500),
       (336, 'BASILOSAURUS', 4, 'RANGE_1', 32500, 10000),
       (337, 'BASILOSAURUS', 4, 'RANGE_2', 37500, 12500),
       (338, 'BASILOSAURUS', 4, 'RANGE_3', 42500, 15000),
       (339, 'BASILOSAURUS', 4, 'RANGE_4', 52500, 17500),
       (340, 'BASILOSAURUS', 4, 'RANGE_5', 62500, 20000),
       (341, 'DIREWOLF', 1, 'RANGE_1', 2500, 5000),
       (342, 'DIREWOLF', 1, 'RANGE_2', 5000, 7500),
       (343, 'DIREWOLF', 1, 'RANGE_3', 7500, 10000),
       (344, 'DIREWOLF', 1, 'RANGE_4', 17500, 12500),
       (345, 'DIREWOLF', 1, 'RANGE_5', 27500, 15000),
       (346, 'DIREWOLF', 2, 'RANGE_1', 2500, 5000),
       (347, 'DIREWOLF', 2, 'RANGE_2', 7500, 7500),
       (348, 'DIREWOLF', 2, 'RANGE_3', 12500, 10000),
       (349, 'DIREWOLF', 2, 'RANGE_4', 22500, 12500),
       (350, 'DIREWOLF', 2, 'RANGE_5', 32500, 15000),
       (351, 'DIREWOLF', 3, 'RANGE_1', 5000, 7500),
       (352, 'DIREWOLF', 3, 'RANGE_2', 10000, 10000),
       (353, 'DIREWOLF', 3, 'RANGE_3', 15000, 12500),
       (354, 'DIREWOLF', 3, 'RANGE_4', 25000, 15000),
       (355, 'DIREWOLF', 3, 'RANGE_5', 35000, 17500),
       (356, 'DIREWOLF', 4, 'RANGE_1', 10000, 2500),
       (357, 'DIREWOLF', 4, 'RANGE_2', 15000, 2500),
       (358, 'DIREWOLF', 4, 'RANGE_3', 20000, 5000),
       (359, 'DIREWOLF', 4, 'RANGE_4', 30000, 7500),
       (360, 'DIREWOLF', 4, 'RANGE_5', 40000, 10000),
       (361, 'THYLACOLEO', 1, 'RANGE_1', 15000, 2500),
       (362, 'THYLACOLEO', 1, 'RANGE_2', 20000, 5000),
       (363, 'THYLACOLEO', 1, 'RANGE_3', 30000, 7500),
       (364, 'THYLACOLEO', 1, 'RANGE_4', 40000, 10000),
       (365, 'THYLACOLEO', 1, 'RANGE_5', 50000, 12500),
       (366, 'THYLACOLEO', 2, 'RANGE_1', 25000, 5000),
       (367, 'THYLACOLEO', 2, 'RANGE_2', 30000, 7500),
       (368, 'THYLACOLEO', 2, 'RANGE_3', 35000, 10000),
       (369, 'THYLACOLEO', 2, 'RANGE_4', 45000, 12500),
       (370, 'THYLACOLEO', 2, 'RANGE_5', 55000, 15000),
       (371, 'THYLACOLEO', 3, 'RANGE_1', 27500, 7500),
       (372, 'THYLACOLEO', 3, 'RANGE_2', 32500, 10000),
       (373, 'THYLACOLEO', 3, 'RANGE_3', 37500, 12500),
       (374, 'THYLACOLEO', 3, 'RANGE_4', 47500, 15000),
       (375, 'THYLACOLEO', 3, 'RANGE_5', 57500, 17500),
       (376, 'THYLACOLEO', 4, 'RANGE_1', 32500, 10000),
       (377, 'THYLACOLEO', 4, 'RANGE_2', 37500, 12500),
       (378, 'THYLACOLEO', 4, 'RANGE_3', 42500, 15000),
       (379, 'THYLACOLEO', 4, 'RANGE_4', 52500, 17500),
       (380, 'THYLACOLEO', 4, 'RANGE_5', 62500, 20000),
       (381, 'GRIFFIN', 1, 'RANGE_1', 15000, 2500),
       (382, 'GRIFFIN', 1, 'RANGE_2', 20000, 5000),
       (383, 'GRIFFIN', 1, 'RANGE_3', 30000, 7500),
       (384, 'GRIFFIN', 1, 'RANGE_4', 40000, 10000),
       (385, 'GRIFFIN', 1, 'RANGE_5', 50000, 12500),
       (386, 'GRIFFIN', 2, 'RANGE_1', 25000, 5000),
       (387, 'GRIFFIN', 2, 'RANGE_2', 30000, 7500),
       (388, 'GRIFFIN', 2, 'RANGE_3', 35000, 10000),
       (389, 'GRIFFIN', 2, 'RANGE_4', 45000, 12500),
       (390, 'GRIFFIN', 2, 'RANGE_5', 55000, 15000),
       (391, 'GRIFFIN', 3, 'RANGE_1', 27500, 7500),
       (392, 'GRIFFIN', 3, 'RANGE_2', 32500, 10000),
       (393, 'GRIFFIN', 3, 'RANGE_3', 37500, 12500),
       (394, 'GRIFFIN', 3, 'RANGE_4', 47500, 15000),
       (395, 'GRIFFIN', 3, 'RANGE_5', 57500, 17500),
       (396, 'GRIFFIN', 4, 'RANGE_1', 32500, 10000),
       (397, 'GRIFFIN', 4, 'RANGE_2', 37500, 12500),
       (398, 'GRIFFIN', 4, 'RANGE_3', 42500, 15000),
       (399, 'GRIFFIN', 4, 'RANGE_4', 52500, 17500),
       (400, 'GRIFFIN', 4, 'RANGE_5', 62500, 20000),
       (401, 'DAEODON', 1, 'RANGE_1', 10000, 2500),
       (402, 'DAEODON', 1, 'RANGE_2', 15000, 5000),
       (403, 'DAEODON', 1, 'RANGE_3', 25000, 7500),
       (404, 'DAEODON', 1, 'RANGE_4', 35000, 10000),
       (405, 'DAEODON', 1, 'RANGE_5', 45000, 12500),
       (406, 'DAEODON', 2, 'RANGE_1', 20000, 5000),
       (407, 'DAEODON', 2, 'RANGE_2', 25000, 7500),
       (408, 'DAEODON', 2, 'RANGE_3', 30000, 10000),
       (409, 'DAEODON', 2, 'RANGE_4', 40000, 12500),
       (410, 'DAEODON', 2, 'RANGE_5', 50000, 15000),
       (411, 'DAEODON', 3, 'RANGE_1', 22500, 7500),
       (412, 'DAEODON', 3, 'RANGE_2', 27500, 10000),
       (413, 'DAEODON', 3, 'RANGE_3', 32500, 12500),
       (414, 'DAEODON', 3, 'RANGE_4', 42500, 15000),
       (415, 'DAEODON', 3, 'RANGE_5', 52500, 17500),
       (416, 'DAEODON', 4, 'RANGE_1', 27500, 10000),
       (417, 'DAEODON', 4, 'RANGE_2', 32500, 12500),
       (418, 'DAEODON', 4, 'RANGE_3', 37500, 15000),
       (419, 'DAEODON', 4, 'RANGE_4', 47500, 17500),
       (420, 'DAEODON', 4, 'RANGE_5', 57500, 20000),
       (421, 'SINOMACROPS', 1, 'RANGE_1', 5000, 2500),
       (422, 'SINOMACROPS', 1, 'RANGE_2', 10000, 5000),
       (423, 'SINOMACROPS', 1, 'RANGE_3', 20000, 7500),
       (424, 'SINOMACROPS', 1, 'RANGE_4', 30000, 10000),
       (425, 'SINOMACROPS', 1, 'RANGE_5', 40000, 12500),
       (426, 'SINOMACROPS', 2, 'RANGE_1', 15000, 5000),
       (427, 'SINOMACROPS', 2, 'RANGE_2', 20000, 7500),
       (428, 'SINOMACROPS', 2, 'RANGE_3', 25000, 10000),
       (429, 'SINOMACROPS', 2, 'RANGE_4', 35000, 12500),
       (430, 'SINOMACROPS', 2, 'RANGE_5', 45000, 15000),
       (431, 'SINOMACROPS', 3, 'RANGE_1', 17500, 7500),
       (432, 'SINOMACROPS', 3, 'RANGE_2', 22500, 10000),
       (433, 'SINOMACROPS', 3, 'RANGE_3', 27500, 12500),
       (434, 'SINOMACROPS', 3, 'RANGE_4', 37500, 15000),
       (435, 'SINOMACROPS', 3, 'RANGE_5', 47500, 17500),
       (436, 'SINOMACROPS', 4, 'RANGE_1', 22500, 10000),
       (437, 'SINOMACROPS', 4, 'RANGE_2', 27500, 12500),
       (438, 'SINOMACROPS', 4, 'RANGE_3', 32500, 15000),
       (439, 'SINOMACROPS', 4, 'RANGE_4', 42500, 17500),
       (440, 'SINOMACROPS', 4, 'RANGE_5', 52500, 20000),
       (441, 'SNOW_OWL', 1, 'RANGE_1', 2500, 2500),
       (442, 'SNOW_OWL', 1, 'RANGE_2', 7500, 5000),
       (443, 'SNOW_OWL', 1, 'RANGE_3', 17500, 7500),
       (444, 'SNOW_OWL', 1, 'RANGE_4', 27500, 10000),
       (445, 'SNOW_OWL', 1, 'RANGE_5', 37500, 12500),
       (446, 'SNOW_OWL', 2, 'RANGE_1', 12500, 5000),
       (447, 'SNOW_OWL', 2, 'RANGE_2', 17500, 7500),
       (448, 'SNOW_OWL', 2, 'RANGE_3', 22500, 10000),
       (449, 'SNOW_OWL', 2, 'RANGE_4', 32500, 12500),
       (450, 'SNOW_OWL', 2, 'RANGE_5', 42500, 15000),
       (451, 'SNOW_OWL', 3, 'RANGE_1', 15000, 7500),
       (452, 'SNOW_OWL', 3, 'RANGE_2', 20000, 10000),
       (453, 'SNOW_OWL', 3, 'RANGE_3', 25000, 12500),
       (454, 'SNOW_OWL', 3, 'RANGE_4', 35000, 15000),
       (455, 'SNOW_OWL', 3, 'RANGE_5', 45000, 17500),
       (456, 'SNOW_OWL', 4, 'RANGE_1', 20000, 10000),
       (457, 'SNOW_OWL', 4, 'RANGE_2', 25000, 12500),
       (458, 'SNOW_OWL', 4, 'RANGE_3', 30000, 15000),
       (459, 'SNOW_OWL', 4, 'RANGE_4', 40000, 17500),
       (460, 'SNOW_OWL', 4, 'RANGE_5', 50000, 20000),
       (461, 'ARGENTAVIS', 1, 'RANGE_1', 2500, 2500),
       (462, 'ARGENTAVIS', 1, 'RANGE_2', 7500, 2500),
       (463, 'ARGENTAVIS', 1, 'RANGE_3', 17500, 2500),
       (464, 'ARGENTAVIS', 1, 'RANGE_4', 27500, 2500),
       (465, 'ARGENTAVIS', 1, 'RANGE_5', 37500, 2500),
       (466, 'ARGENTAVIS', 2, 'RANGE_1', 12500, 2500),
       (467, 'ARGENTAVIS', 2, 'RANGE_2', 17500, 2500),
       (468, 'ARGENTAVIS', 2, 'RANGE_3', 22500, 2500),
       (469, 'ARGENTAVIS', 2, 'RANGE_4', 32500, 2500),
       (470, 'ARGENTAVIS', 2, 'RANGE_5', 42500, 5000),
       (471, 'ARGENTAVIS', 3, 'RANGE_1', 15000, 2500),
       (472, 'ARGENTAVIS', 3, 'RANGE_2', 20000, 2500),
       (473, 'ARGENTAVIS', 3, 'RANGE_3', 25000, 2500),
       (474, 'ARGENTAVIS', 3, 'RANGE_4', 35000, 5000),
       (475, 'ARGENTAVIS', 3, 'RANGE_5', 45000, 7500),
       (476, 'ARGENTAVIS', 4, 'RANGE_1', 20000, 2500),
       (477, 'ARGENTAVIS', 4, 'RANGE_2', 25000, 2500),
       (478, 'ARGENTAVIS', 4, 'RANGE_3', 30000, 5000),
       (479, 'ARGENTAVIS', 4, 'RANGE_4', 40000, 7500),
       (480, 'ARGENTAVIS', 4, 'RANGE_5', 50000, 10000),
       (481, 'PTERANODON', 1, 'RANGE_1', 2500, 2500),
       (482, 'PTERANODON', 1, 'RANGE_2', 7500, 2500),
       (483, 'PTERANODON', 1, 'RANGE_3', 17500, 2500),
       (484, 'PTERANODON', 1, 'RANGE_4', 27500, 2500),
       (485, 'PTERANODON', 1, 'RANGE_5', 37500, 2500),
       (486, 'PTERANODON', 2, 'RANGE_1', 12500, 2500),
       (487, 'PTERANODON', 2, 'RANGE_2', 17500, 2500),
       (488, 'PTERANODON', 2, 'RANGE_3', 22500, 2500),
       (489, 'PTERANODON', 2, 'RANGE_4', 32500, 2500),
       (490, 'PTERANODON', 2, 'RANGE_5', 42500, 5000),
       (491, 'PTERANODON', 3, 'RANGE_1', 15000, 2500),
       (492, 'PTERANODON', 3, 'RANGE_2', 20000, 2500),
       (493, 'PTERANODON', 3, 'RANGE_3', 25000, 2500),
       (494, 'PTERANODON', 3, 'RANGE_4', 35000, 5000),
       (495, 'PTERANODON', 3, 'RANGE_5', 45000, 7500),
       (496, 'PTERANODON', 4, 'RANGE_1', 20000, 2500),
       (497, 'PTERANODON', 4, 'RANGE_2', 25000, 2500),
       (498, 'PTERANODON', 4, 'RANGE_3', 30000, 5000),
       (499, 'PTERANODON', 4, 'RANGE_4', 40000, 7500),
       (500, 'PTERANODON', 4, 'RANGE_5', 50000, 10000),
       (501, 'GACHA_ELEMENT', 1, 'RANGE_1', 7500, 7500),
       (502, 'GACHA_ELEMENT', 1, 'RANGE_2', 7500, 7500),
       (503, 'GACHA_ELEMENT', 1, 'RANGE_3', 7500, 7500),
       (504, 'GACHA_ELEMENT', 1, 'RANGE_4', 7500, 7500),
       (505, 'GACHA_ELEMENT', 1, 'RANGE_5', 7500, 7500),
       (506, 'GACHA_ELEMENT', 2, 'RANGE_1', 7500, 7500),
       (507, 'GACHA_ELEMENT', 2, 'RANGE_2', 7500, 7500),
       (508, 'GACHA_ELEMENT', 2, 'RANGE_3', 7500, 7500),
       (509, 'GACHA_ELEMENT', 2, 'RANGE_4', 7500, 7500),
       (510, 'GACHA_ELEMENT', 2, 'RANGE_5', 7500, 7500),
       (511, 'GACHA_ELEMENT', 3, 'RANGE_1', 7500, 7500),
       (512, 'GACHA_ELEMENT', 3, 'RANGE_2', 7500, 7500),
       (513, 'GACHA_ELEMENT', 3, 'RANGE_3', 7500, 7500),
       (514, 'GACHA_ELEMENT', 3, 'RANGE_4', 7500, 7500),
       (515, 'GACHA_ELEMENT', 3, 'RANGE_5', 7500, 7500),
       (516, 'GACHA_ELEMENT', 4, 'RANGE_1', 7500, 7500),
       (517, 'GACHA_ELEMENT', 4, 'RANGE_2', 7500, 7500),
       (518, 'GACHA_ELEMENT', 4, 'RANGE_3', 7500, 7500),
       (519, 'GACHA_ELEMENT', 4, 'RANGE_4', 7500, 7500),
       (520, 'GACHA_ELEMENT', 4, 'RANGE_5', 7500, 7500),
       (521, 'STRYDER', 1, 'RANGE_1', 7500, 0),
       (522, 'STRYDER', 1, 'RANGE_2', 7500, 0),
       (523, 'STRYDER', 1, 'RANGE_3', 7500, 0),
       (524, 'STRYDER', 1, 'RANGE_4', 7500, 0),
       (525, 'STRYDER', 1, 'RANGE_5', 10000, 0),
       (526, 'STRYDER', 2, 'RANGE_1', 10000, 0),
       (527, 'STRYDER', 2, 'RANGE_2', 12500, 0),
       (528, 'STRYDER', 2, 'RANGE_3', 15000, 0),
       (529, 'STRYDER', 2, 'RANGE_4', 17500, 0),
       (530, 'STRYDER', 2, 'RANGE_5', 20000, 0),
       (531, 'STRYDER', 3, 'RANGE_1', 20000, 0),
       (532, 'STRYDER', 3, 'RANGE_2', 22500, 0),
       (533, 'STRYDER', 3, 'RANGE_3', 25000, 0),
       (534, 'STRYDER', 3, 'RANGE_4', 27500, 0),
       (535, 'STRYDER', 3, 'RANGE_5', 30000, 0),
       (536, 'STRYDER', 4, 'RANGE_1', 30000, 0),
       (537, 'STRYDER', 4, 'RANGE_2', 32500, 0),
       (538, 'STRYDER', 4, 'RANGE_3', 35000, 0),
       (539, 'STRYDER', 4, 'RANGE_4', 37500, 0),
       (540, 'STRYDER', 4, 'RANGE_5', 40000, 0),
       (541, 'STRYDER', 5, 'RANGE_1', 30000, 0),
       (542, 'STRYDER', 5, 'RANGE_2', 32500, 0),
       (543, 'STRYDER', 5, 'RANGE_3', 35000, 0),
       (544, 'STRYDER', 5, 'RANGE_4', 37500, 0),
       (545, 'STRYDER', 5, 'RANGE_5', 40000, 0),
       (546, 'MEGALODON', 1, 'RANGE_1', 2500, 2500),
       (547, 'MEGALODON', 1, 'RANGE_2', 7500, 5000),
       (548, 'MEGALODON', 1, 'RANGE_3', 17500, 7500),
       (549, 'MEGALODON', 1, 'RANGE_4', 27500, 10000),
       (550, 'MEGALODON', 1, 'RANGE_5', 37500, 12500),
       (551, 'MEGALODON', 2, 'RANGE_1', 12500, 5000),
       (552, 'MEGALODON', 2, 'RANGE_2', 17500, 7500),
       (553, 'MEGALODON', 2, 'RANGE_3', 22500, 10000),
       (554, 'MEGALODON', 2, 'RANGE_4', 32500, 12500),
       (555, 'MEGALODON', 2, 'RANGE_5', 42500, 15000),
       (556, 'MEGALODON', 3, 'RANGE_1', 15000, 7500),
       (557, 'MEGALODON', 3, 'RANGE_2', 20000, 10000),
       (558, 'MEGALODON', 3, 'RANGE_3', 25000, 12500),
       (559, 'MEGALODON', 3, 'RANGE_4', 35000, 15000),
       (560, 'MEGALODON', 3, 'RANGE_5', 45000, 17500),
       (561, 'MEGALODON', 4, 'RANGE_1', 20000, 10000),
       (562, 'MEGALODON', 4, 'RANGE_2', 25000, 12500),
       (563, 'MEGALODON', 4, 'RANGE_3', 30000, 15000),
       (564, 'MEGALODON', 4, 'RANGE_4', 40000, 17500),
       (565, 'MEGALODON', 4, 'RANGE_5', 50000, 20000),
       (566, 'MEGALODON', 5, 'RANGE_1', 20000, 10000),
       (567, 'MEGALODON', 5, 'RANGE_2', 25000, 12500),
       (568, 'MEGALODON', 5, 'RANGE_3', 30000, 15000),
       (569, 'MEGALODON', 5, 'RANGE_4', 40000, 17500),
       (570, 'MEGALODON', 5, 'RANGE_5', 50000, 20000),
       (571, 'GIGATEK', 1, 'RANGE_1', 20000, 12500),
       (572, 'GIGATEK', 1, 'RANGE_2', 35000, 15000),
       (573, 'GIGATEK', 1, 'RANGE_3', 50000, 17500),
       (574, 'GIGATEK', 1, 'RANGE_4', 65000, 20000),
       (575, 'GIGATEK', 1, 'RANGE_5', 85000, 22500),
       (576, 'GIGATEK', 2, 'RANGE_1', 25000, 15000),
       (577, 'GIGATEK', 2, 'RANGE_2', 40000, 17500),
       (578, 'GIGATEK', 2, 'RANGE_3', 55000, 20000),
       (579, 'GIGATEK', 2, 'RANGE_4', 70000, 22500),
       (580, 'GIGATEK', 2, 'RANGE_5', 90000, 25000),
       (581, 'GIGATEK', 3, 'RANGE_1', 30000, 20000),
       (582, 'GIGATEK', 3, 'RANGE_2', 45000, 22500),
       (583, 'GIGATEK', 3, 'RANGE_3', 60000, 25000),
       (584, 'GIGATEK', 3, 'RANGE_4', 75000, 27500),
       (585, 'GIGATEK', 3, 'RANGE_5', 95000, 30000),
       (586, 'GIGATEK', 4, 'RANGE_1', 35000, 20000),
       (587, 'GIGATEK', 4, 'RANGE_2', 50000, 22500),
       (588, 'GIGATEK', 4, 'RANGE_3', 65000, 25000),
       (589, 'GIGATEK', 4, 'RANGE_4', 80000, 27500),
       (590, 'GIGATEK', 4, 'RANGE_5', 100000, 30000);
UNLOCK
    TABLES;
